target,model,fold,R2,RMSE,MAE,nRMSE,Bias
Vorticity,Linear Ridge,0,0.9892922090163139,19.265589845522033,15.197083476040225,0.10347845661627403,-1.75090852739734
Vorticity,Linear Ridge,1,0.9887034320643018,20.741479242693497,16.174824757628908,0.10628531382885517,1.6253966330725769
Vorticity,Linear Ridge,2,0.9892100156658924,20.824381724471593,16.75721344337628,0.1038748493818768,1.4480617427540345
Vorticity,Linear Ridge,3,0.9890391143511842,20.350879840223367,16.07306605050851,0.10469424840370073,-1.3190207143017012
Vorticity,Linear Ridge,4,0.9893855208586623,19.69526280920225,15.621851081569876,0.10302659434018831,0.11502187266710734
Vorticity,Quadratic Ridge,0,0.988548422029036,19.923472503829515,15.751731818209688,0.10701204591523303,-1.8108770549297708
Vorticity,Quadratic Ridge,1,0.9878955688841076,21.470326985202234,16.814187225391763,0.1100201395922241,2.1158166269252963
Vorticity,Quadratic Ridge,2,0.9885190842918483,21.480776339793447,17.260673684126292,0.10714903503136036,1.6395554603960014
Vorticity,Quadratic Ridge,3,0.9884784870776422,20.86484305078674,16.304073025296052,0.1073383105995146,-1.0085079402184995
Vorticity,Quadratic Ridge,4,0.9895793402473384,19.514617547322345,15.587486548634033,0.10208163278798792,-0.30698117431967376
Vorticity,Random Forest,0,0.9832368020623056,24.105203606198383,19.16385448927813,0.1294727690971905,-0.8677755318178174
Vorticity,Random Forest,1,0.9835832738618965,25.004014592581843,19.318088188898066,0.12812777270406117,1.5268647977974161
Vorticity,Random Forest,2,0.9837490621213366,25.55647338946065,20.04595547933029,0.1274791664495157,1.0652263728767977
Vorticity,Random Forest,3,0.9839999456241516,24.58788062183407,19.78293325940603,0.12649132134596602,-1.1414713172823816
Vorticity,Random Forest,4,0.9854765078511363,23.03816919620778,18.550182372940217,0.12051345214897695,-0.04829526998849095
Vorticity,Gradient Boosting,0,0.9849411668549499,22.8469393173644,18.01508329662307,0.12271443739450566,-1.0311006683475565
Vorticity,Gradient Boosting,1,0.9848799183585643,23.996258684399653,18.595280005587636,0.12296374116557975,2.1255239049595884
Vorticity,Gradient Boosting,2,0.9845881084672191,24.887981823676522,19.74915323886383,0.12414463956522989,2.081225785734683
Vorticity,Gradient Boosting,3,0.9855837762746137,23.33920847621836,18.512360107574306,0.12006757982647218,-1.9782609965854037
Vorticity,Gradient Boosting,4,0.9857875741161287,22.790116371660464,18.478756539420914,0.11921587932767733,0.23222260603355419
Vorticity,MLP,0,0.9817384968248463,25.159420233439988,19.87832410262993,0.13513512931563618,-2.558085585499958
Vorticity,MLP,1,0.9826433062637147,25.709875118461344,20.153126946740645,0.13174480534839061,1.6341013788440402
Vorticity,MLP,2,0.982760071049429,26.32264003839176,20.82359168322365,0.13130090993809249,2.2059097402875634
Vorticity,MLP,3,0.9838002987010341,24.740807488022067,20.16884324017099,0.12727804719968763,-2.45699233256685
Vorticity,MLP,4,0.9824467414104864,25.32744096422449,20.167730567355346,0.1324887111776457,-2.3154727925496843
Helicity,Linear Ridge,0,0.9601831338697311,39.743997766927585,31.24236948216087,0.1995416400911571,2.2178172900094832
Helicity,Linear Ridge,1,0.9635132656930073,39.69410078884135,31.485416046601294,0.19101501068500523,-0.6553344224764814
Helicity,Linear Ridge,2,0.958565435900728,40.616885724270595,31.929442774872925,0.20355481841330123,-2.5598037271140233
Helicity,Linear Ridge,3,0.9607474163334111,39.63867768304835,31.829937418485496,0.19812264804052296,-1.0978456232065545
Helicity,Linear Ridge,4,0.9571097207696818,40.40947704662691,31.990782961318608,0.20709968428348258,2.244600146744812
Helicity,Quadratic Ridge,0,0.9801686996077985,28.048756277481168,21.969990914361368,0.14082364997471666,1.4279362580557882
Helicity,Quadratic Ridge,1,0.9843505589151295,25.99608131300695,20.667039425270698,0.12509772613789025,0.519742117728091
Helicity,Quadratic Ridge,2,0.9798335499269065,28.336092506998366,22.718244901158357,0.14200862675588946,-0.4377646309105222
Helicity,Quadratic Ridge,3,0.982336597395563,26.59023761753192,21.115453454756548,0.13290373435098435,-1.6388479601657717
Helicity,Quadratic Ridge,4,0.9798138380211453,27.722390082711765,22.67156101238834,0.14207801370674747,0.0775463188908831
Helicity,Random Forest,0,0.9752257380169874,31.35005991686002,24.997721913722508,0.1573984179812892,1.2618389321257046
Helicity,Random Forest,1,0.979043445080605,30.082811050031165,24.146875732796232,0.14476379008369086,0.47867042249398783
Helicity,Random Forest,2,0.9750717230203328,31.504411007766624,24.953989156189472,0.15788691199610938,-0.3254348965876818
Helicity,Random Forest,3,0.9747938028719672,31.764256805861706,25.47695607078577,0.158764596582591,-2.1403932985737364
Helicity,Random Forest,4,0.9738291274975857,31.565516074448624,25.800646198278034,0.16177414040078955,0.41011355661137827
Helicity,Gradient Boosting,0,0.9768061894273697,30.333607659021638,23.906210068185004,0.15229514297123956,1.869875148194626
Helicity,Gradient Boosting,1,0.9795957358559191,29.683761911585805,23.779051967430174,0.1428434952809576,1.6595439932705494
Helicity,Gradient Boosting,2,0.9735512636910172,32.450971072545,25.53560151075003,0.16263067456351155,2.2564282565718474
Helicity,Gradient Boosting,3,0.9768586070457649,30.435453887059293,24.727383228956477,0.1521229534101777,-2.3059657805408635
Helicity,Gradient Boosting,4,0.9752860917932468,30.674289207275987,25.22189653782553,0.1572065781281217,0.011494144055843473
Helicity,MLP,0,0.9706265638393325,34.13621689741406,27.24221709498165,0.17138680276108628,2.409082533155444
Helicity,MLP,1,0.9779049235838906,30.889169011218478,24.647200159757105,0.1486441267460957,0.01257335091685846
Helicity,MLP,2,0.9718445553354439,33.48161739117422,27.798571584830174,0.16779584221474644,1.2108287359297292
Helicity,MLP,3,0.975783607111434,31.13434699429551,24.17945390931787,0.15561617168072875,-1.7113714231187014
Helicity,MLP,4,0.9708860050038426,33.29313523082267,26.619500109310554,0.17062823622178525,0.7246722152648759
Q-Criterion,Linear Ridge,0,0.8952791430027024,1258.0537243168944,1015.1492723652685,0.32360602126242594,-15.511747571527764
Q-Criterion,Linear Ridge,1,0.9207408382495814,1164.1255465421737,921.9238113785294,0.2815300370305425,1.5588116065225284
Q-Criterion,Linear Ridge,2,0.9027937699901262,1360.062126816159,1103.4640602275085,0.31177913658529793,58.63359469519605
Q-Criterion,Linear Ridge,3,0.8946244172598434,1326.3114952963754,1073.7307717457768,0.3246160543475269,-35.852540499986134
Q-Criterion,Linear Ridge,4,0.8894391316205563,1287.738876966719,1038.0434753630957,0.3325069448589664,-9.674268524235133
Q-Criterion,Quadratic Ridge,0,0.8936479484971704,1267.8139608126453,1011.9693968057663,0.3261166225490961,-12.006155732584642
Q-Criterion,Quadratic Ridge,1,0.9177844364178838,1185.6379765248596,936.7357758381368,0.2867325645651645,21.69642318706582
Q-Criterion,Quadratic Ridge,2,0.9013048606702312,1370.4385899582717,1100.9709805470093,0.3141578255109505,75.63620207610963
Q-Criterion,Quadratic Ridge,3,0.8902372721386451,1353.6393942421475,1094.742219309491,0.3313045847273395,-61.483175356799556
Q-Criterion,Quadratic Ridge,4,0.8886869341572514,1292.111997374381,1052.0281898034186,0.33363612790396163,-52.019117353392794
Q-Criterion,Random Forest,0,0.8819069510684637,1335.9640189934878,1080.528243447365,0.3436466920130852,-11.45318629843081
Q-Criterion,Random Forest,1,0.9027505841585965,1289.4917949149863,1041.7795119640352,0.3118483859849261,-31.38513778786175
Q-Criterion,Random Forest,2,0.8897385047167957,1448.5171316950289,1181.6850936974706,0.33205646399852584,41.75465625961869
Q-Criterion,Random Forest,3,0.8757934948142974,1439.950987936184,1151.0797627374125,0.35242943291629686,-4.832901972260018
Q-Criterion,Random Forest,4,0.8713001176175588,1389.364384234016,1096.9188873061933,0.3587476583650982,3.1677622791036266
Q-Criterion,Gradient Boosting,0,0.8717191030583465,1392.398631746704,1139.2661981678575,0.35816322667417083,1.4078206490100154
Q-Criterion,Gradient Boosting,1,0.897997963824651,1320.6249654968278,1053.006238859527,0.3193775761936786,-18.488327886565397
Q-Criterion,Gradient Boosting,2,0.8907027558762434,1442.169487842451,1160.5450095492236,0.33060133714756307,67.25706265393637
Q-Criterion,Gradient Boosting,3,0.8734579068063658,1453.4264054788173,1148.0265866828515,0.35572755472922557,12.650611089200078
Q-Criterion,Gradient Boosting,4,0.8726750889989594,1381.922784590746,1109.9629163851766,0.3568261635601299,36.175661731276776
Q-Criterion,MLP,0,0.884298839130103,1322.3653233435957,1056.2810394561839,0.3401487334533188,3.570985269997303
Q-Criterion,MLP,1,0.9109462516753438,1233.9602912460582,995.4472546155605,0.2984187466039226,0.2482123480412459
Q-Criterion,MLP,2,0.8922374671496373,1432.008488569894,1134.9055073890709,0.3282720409208843,117.24718651834159
Q-Criterion,MLP,3,0.8816483407598683,1405.603126574733,1132.338650632522,0.3440227597705299,-21.10369254453588
Q-Criterion,MLP,4,0.8787554868035474,1348.52230367173,1094.9850006856911,0.34820182824972734,-45.76141005969843
