target,partition,R2,RMSE,MAE,nRMSE,Bias
Vorticity,train,0.9899906960431135,19.398697295469802,15.314063882168771,0.10004650896901165,-1.3111881950559715e-14
Vorticity,calibration,0.9896879746285095,19.699303028601722,15.608898190281282,0.1015481431218241,-0.5007657285788828
Vorticity,test,0.9897569652657083,20.318320980270848,16.219644037285352,0.10120787881529601,0.17792706892910745
Helicity,train,0.9834993959867675,25.755587612685627,20.544092292438833,0.1284546768834539,2.6147972675971686e-15
Helicity,calibration,0.9836446343800996,26.699387651929822,21.277699448688413,0.12788809803848175,-0.03339347819041041
Helicity,test,0.983241520616255,26.5291059141086,21.630456469591145,0.12945454562797298,-0.6525357761090297
Q-Criterion,train,0.9087921863422271,1231.6811181160995,985.607769117038,0.30200631393693217,-3.9775234957536063e-13
Q-Criterion,calibration,0.9000580763243068,1309.995240663006,1043.126788431004,0.3161359259490974,-6.375899530630304
Q-Criterion,test,0.9049811498638275,1310.4048470148787,1030.1930204533096,0.3082512775904951,23.135507427429992
