row,partition
0,train
1,train
2,train
3,train
4,train
5,train
6,train
7,train
9,train
10,train
11,train
12,train
14,train
15,train
16,train
17,train
19,train
21,train
22,train
24,train
26,train
27,train
28,train
31,train
33,train
34,train
35,train
36,train
37,train
38,train
39,train
40,train
41,train
42,train
46,train
47,train
50,train
52,train
53,train
54,train
55,train
57,train
58,train
60,train
61,train
62,train
64,train
66,train
68,train
72,train
74,train
75,train
77,train
79,train
80,train
81,train
82,train
85,train
86,train
88,train
89,train
90,train
92,train
94,train
95,train
97,train
98,train
101,train
102,train
103,train
104,train
106,train
107,train
108,train
110,train
112,train
113,train
114,train
116,train
117,train
119,train
122,train
123,train
125,train
126,train
127,train
129,train
130,train
131,train
132,train
133,train
136,train
137,train
138,train
139,train
140,train
142,train
143,train
144,train
145,train
146,train
147,train
148,train
150,train
153,train
154,train
155,train
156,train
159,train
160,train
161,train
164,train
165,train
166,train
167,train
169,train
171,train
172,train
175,train
176,train
180,train
181,train
182,train
183,train
186,train
187,train
189,train
190,train
193,train
195,train
197,train
200,train
201,train
202,train
204,train
206,train
213,train
214,train
215,train
216,train
217,train
223,train
224,train
225,train
227,train
228,train
232,train
234,train
235,train
236,train
238,train
241,train
242,train
243,train
244,train
245,train
248,train
249,train
250,train
253,train
255,train
258,train
260,train
262,train
264,train
265,train
267,train
268,train
269,train
271,train
274,train
276,train
280,train
284,train
285,train
288,train
292,train
293,train
295,train
300,train
301,train
302,train
310,train
312,train
314,train
315,train
317,train
319,train
320,train
323,train
325,train
326,train
327,train
328,train
329,train
330,train
333,train
334,train
335,train
336,train
337,train
338,train
339,train
341,train
345,train
346,train
347,train
348,train
349,train
355,train
356,train
357,train
359,train
362,train
363,train
364,train
369,train
370,train
371,train
372,train
373,train
375,train
376,train
378,train
379,train
384,train
385,train
386,train
388,train
389,train
390,train
391,train
392,train
395,train
396,train
397,train
398,train
399,train
400,train
401,train
403,train
404,train
405,train
412,train
413,train
417,train
418,train
419,train
421,train
424,train
428,train
431,train
434,train
437,train
441,train
442,train
444,train
446,train
448,train
449,train
451,train
452,train
453,train
454,train
455,train
456,train
459,train
460,train
465,train
466,train
467,train
468,train
469,train
470,train
473,train
474,train
475,train
476,train
477,train
481,train
484,train
487,train
488,train
490,train
491,train
492,train
493,train
496,train
499,train
501,train
502,train
503,train
504,train
505,train
510,train
512,train
513,train
515,train
516,train
517,train
520,train
523,train
524,train
525,train
531,train
533,train
536,train
537,train
539,train
540,train
541,train
542,train
545,train
546,train
547,train
549,train
550,train
551,train
553,train
558,train
559,train
560,train
562,train
563,train
566,train
568,train
569,train
573,train
574,train
576,train
577,train
578,train
579,train
580,train
584,train
586,train
587,train
589,train
592,train
593,train
594,train
595,train
597,train
600,train
601,train
603,train
606,train
608,train
609,train
612,train
614,train
615,train
616,train
619,train
622,train
623,train
624,train
625,train
626,train
627,train
628,train
631,train
633,train
634,train
635,train
638,train
639,train
640,train
641,train
644,train
645,train
646,train
648,train
652,train
653,train
655,train
656,train
657,train
658,train
659,train
660,train
661,train
663,train
664,train
665,train
666,train
667,train
669,train
671,train
673,train
675,train
676,train
681,train
682,train
683,train
684,train
687,train
688,train
689,train
691,train
692,train
696,train
697,train
698,train
699,train
701,train
702,train
703,train
704,train
706,train
708,train
709,train
710,train
711,train
712,train
713,train
714,train
716,train
717,train
718,train
720,train
721,train
722,train
723,train
724,train
725,train
726,train
728,train
730,train
731,train
732,train
734,train
735,train
737,train
738,train
739,train
740,train
743,train
745,train
747,train
749,train
750,train
751,train
752,train
753,train
754,train
757,train
758,train
760,train
762,train
763,train
766,train
768,train
769,train
770,train
771,train
773,train
774,train
775,train
776,train
777,train
778,train
779,train
780,train
783,train
784,train
791,train
793,train
794,train
795,train
796,train
797,train
799,train
803,train
804,train
805,train
806,train
811,train
813,train
814,train
815,train
816,train
818,train
820,train
822,train
823,train
824,train
825,train
826,train
827,train
828,train
830,train
832,train
833,train
835,train
837,train
842,train
843,train
844,train
846,train
847,train
848,train
849,train
850,train
851,train
852,train
853,train
854,train
858,train
860,train
863,train
864,train
865,train
868,train
870,train
871,train
872,train
875,train
876,train
877,train
878,train
880,train
882,train
884,train
885,train
887,train
890,train
892,train
893,train
894,train
895,train
896,train
897,train
898,train
899,train
900,train
901,train
904,train
905,train
908,train
909,train
910,train
912,train
913,train
914,train
917,train
918,train
919,train
920,train
921,train
922,train
924,train
925,train
928,train
933,train
934,train
935,train
936,train
938,train
939,train
943,train
945,train
946,train
947,train
948,train
950,train
951,train
953,train
954,train
955,train
956,train
957,train
958,train
959,train
960,train
963,train
964,train
966,train
967,train
968,train
970,train
971,train
972,train
974,train
975,train
977,train
980,train
981,train
982,train
983,train
984,train
985,train
987,train
989,train
991,train
992,train
994,train
995,train
996,train
997,train
1002,train
1003,train
1006,train
1007,train
1008,train
1009,train
1010,train
1012,train
1013,train
1015,train
1016,train
1019,train
1020,train
1021,train
1022,train
1024,train
1026,train
1028,train
1030,train
1031,train
1032,train
1035,train
1038,train
1039,train
1040,train
1042,train
1043,train
1045,train
1046,train
1048,train
1049,train
1051,train
1052,train
1059,train
1060,train
1062,train
1063,train
1065,train
1066,train
1067,train
1069,train
1072,train
1074,train
1076,train
1077,train
1079,train
1081,train
1082,train
1086,train
1088,train
1089,train
1092,train
1093,train
1095,train
1096,train
1097,train
1101,train
1104,train
1105,train
1107,train
1108,train
1109,train
1111,train
1112,train
1115,train
1118,train
1119,train
1120,train
1121,train
1122,train
1126,train
1128,train
1129,train
1130,train
1132,train
1136,train
1138,train
1139,train
1140,train
1141,train
1142,train
1143,train
1144,train
1145,train
1147,train
1148,train
1149,train
1150,train
1151,train
1152,train
1153,train
1154,train
1155,train
1156,train
1157,train
1158,train
1160,train
1162,train
1164,train
1165,train
1166,train
1167,train
1168,train
1169,train
1170,train
1171,train
1172,train
1174,train
1176,train
1178,train
1180,train
1181,train
1182,train
1183,train
1184,train
1186,train
1188,train
1189,train
1190,train
1191,train
1193,train
1195,train
1197,train
1198,train
1201,train
1202,train
1203,train
1205,train
1206,train
1209,train
1212,train
1214,train
1215,train
1217,train
1218,train
1219,train
1222,train
1224,train
1227,train
1228,train
1230,train
1232,train
1233,train
1235,train
1236,train
1238,train
1239,train
1240,train
1243,train
1244,train
1245,train
1246,train
1248,train
1249,train
1250,train
1252,train
1253,train
1254,train
1255,train
1256,train
1257,train
1262,train
1265,train
1267,train
1274,train
1275,train
1276,train
1277,train
1280,train
1282,train
1284,train
1285,train
1287,train
1291,train
1294,train
1296,train
1297,train
1298,train
1300,train
1305,train
1306,train
1308,train
1310,train
1312,train
1314,train
1315,train
1316,train
1317,train
1318,train
1319,train
1320,train
1323,train
1324,train
1326,train
1327,train
1328,train
1329,train
1331,train
1332,train
1335,train
1338,train
1339,train
1342,train
1343,train
1344,train
1345,train
1346,train
1347,train
1348,train
1350,train
1352,train
1353,train
1354,train
1356,train
1358,train
1359,train
1360,train
1361,train
1362,train
1363,train
1365,train
1367,train
1368,train
1369,train
1371,train
1372,train
1373,train
1375,train
1379,train
1381,train
1384,train
1386,train
1387,train
1388,train
1390,train
1391,train
1392,train
1393,train
1396,train
1397,train
1400,train
1401,train
1402,train
1408,train
1409,train
1415,train
1416,train
1417,train
1418,train
1419,train
1421,train
1422,train
1424,train
1425,train
1426,train
1428,train
1431,train
1432,train
1433,train
1434,train
1436,train
1438,train
1439,train
1440,train
1441,train
1442,train
1443,train
1444,train
1445,train
1448,train
1451,train
1453,train
1458,train
1460,train
1461,train
1464,train
1466,train
1468,train
1469,train
1470,train
1471,train
1473,train
1474,train
1475,train
1477,train
1478,train
1479,train
1480,train
1481,train
1482,train
1483,train
1484,train
1485,train
1487,train
1489,train
1491,train
1492,train
1493,train
1495,train
1496,train
1497,train
1498,train
1499,train
1500,train
1504,train
1506,train
1507,train
1515,train
1516,train
1519,train
1520,train
1521,train
1522,train
1523,train
1524,train
1526,train
1527,train
1528,train
1529,train
1531,train
1534,train
1535,train
1536,train
1540,train
1541,train
1542,train
1543,train
1544,train
1546,train
1548,train
1549,train
1554,train
1555,train
1561,train
1562,train
1568,train
1570,train
1571,train
1572,train
1573,train
1574,train
1577,train
1578,train
1579,train
1580,train
1581,train
1585,train
1586,train
1588,train
1589,train
1592,train
1593,train
1594,train
1595,train
1596,train
1597,train
1601,train
1603,train
1605,train
1610,train
1611,train
1613,train
1617,train
1618,train
1619,train
1620,train
1621,train
1622,train
1624,train
1625,train
1626,train
1630,train
1631,train
1632,train
1633,train
1634,train
1635,train
1636,train
1638,train
1641,train
1643,train
1644,train
1646,train
1648,train
1649,train
1650,train
1651,train
1652,train
1653,train
1654,train
1658,train
1660,train
1661,train
1663,train
1664,train
1665,train
1666,train
1668,train
1669,train
1671,train
1676,train
1678,train
1679,train
1680,train
1682,train
1683,train
1684,train
1685,train
1686,train
1687,train
1688,train
1693,train
1695,train
1696,train
1697,train
1698,train
1699,train
1700,train
1701,train
1702,train
1704,train
1705,train
1707,train
1709,train
1712,train
1713,train
1714,train
1715,train
1716,train
1719,train
1720,train
1722,train
1725,train
1727,train
1728,train
1731,train
1732,train
1733,train
1734,train
1735,train
1739,train
1740,train
1741,train
1742,train
1743,train
1747,train
1748,train
1751,train
1753,train
1754,train
1756,train
1757,train
1758,train
1759,train
1761,train
1764,train
1766,train
1767,train
1768,train
1770,train
1771,train
1773,train
1774,train
1776,train
1777,train
1780,train
1781,train
1782,train
1785,train
1786,train
1787,train
1789,train
1790,train
1791,train
1792,train
1793,train
1794,train
1795,train
1796,train
1799,train
1800,train
1801,train
1802,train
1803,train
1805,train
1806,train
1807,train
1809,train
1810,train
1813,train
1814,train
1816,train
1817,train
1818,train
1819,train
1820,train
1821,train
1823,train
1824,train
1825,train
1826,train
1827,train
1828,train
1829,train
1830,train
1832,train
1838,train
1840,train
1841,train
1842,train
1843,train
1844,train
1845,train
1846,train
1848,train
1849,train
1850,train
1851,train
1852,train
1853,train
1854,train
1856,train
1857,train
1858,train
1859,train
1861,train
1863,train
1865,train
1866,train
1868,train
1871,train
1875,train
1881,train
1882,train
1884,train
1885,train
1887,train
1889,train
1890,train
1891,train
1892,train
1894,train
1895,train
1896,train
1897,train
1898,train
1899,train
1903,train
1906,train
1907,train
1908,train
1909,train
1911,train
1916,train
1917,train
1919,train
1921,train
1922,train
1923,train
1925,train
1927,train
1930,train
1931,train
1937,train
1939,train
1940,train
1941,train
1942,train
1946,train
1947,train
1948,train
1950,train
1951,train
1955,train
1957,train
1958,train
1959,train
1963,train
1965,train
1966,train
1969,train
1970,train
1973,train
1974,train
1975,train
1976,train
1979,train
1980,train
1981,train
1982,train
1983,train
1986,train
1991,train
1995,train
1998,train
1999,train
2000,train
2001,train
2002,train
2005,train
2006,train
2009,train
2010,train
2013,train
2014,train
2015,train
2021,train
2022,train
2024,train
2027,train
2029,train
2030,train
2031,train
2033,train
2035,train
2037,train
2038,train
2040,train
2041,train
2042,train
2046,train
2047,train
2048,train
2049,train
2052,train
2056,train
2057,train
2058,train
2059,train
2061,train
2062,train
2065,train
2066,train
2067,train
2068,train
2069,train
2070,train
2071,train
2073,train
2074,train
2075,train
2076,train
2077,train
2079,train
2080,train
2082,train
2084,train
2085,train
2087,train
2088,train
2089,train
2091,train
2092,train
2094,train
2097,train
2098,train
2100,train
2101,train
2104,train
2105,train
2107,train
2109,train
2110,train
2111,train
2112,train
2115,train
2116,train
2117,train
2119,train
2121,train
2123,train
2125,train
2126,train
2128,train
2134,train
2135,train
2136,train
2138,train
2139,train
2140,train
2141,train
2143,train
2145,train
2146,train
2148,train
2150,train
2151,train
2152,train
2155,train
2156,train
2157,train
2160,train
2161,train
2163,train
2166,train
2167,train
2169,train
2170,train
2171,train
2172,train
2174,train
2175,train
2176,train
2181,train
2182,train
2183,train
2186,train
2188,train
2190,train
2191,train
2194,train
2195,train
2197,train
2198,train
2199,train
2200,train
2202,train
2203,train
2205,train
2206,train
2207,train
2208,train
2209,train
2210,train
2211,train
2214,train
2215,train
2218,train
2220,train
2221,train
2222,train
2223,train
2224,train
2226,train
2230,train
2231,train
2233,train
2234,train
2235,train
2236,train
2237,train
2238,train
2239,train
2242,train
2244,train
2245,train
2246,train
2248,train
2251,train
2252,train
2253,train
2254,train
2255,train
2257,train
2260,train
2261,train
2262,train
2264,train
2266,train
2267,train
2269,train
2272,train
2273,train
2278,train
2281,train
2283,train
2284,train
2286,train
2288,train
2291,train
2292,train
2294,train
2296,train
2298,train
2300,train
2301,train
2302,train
2303,train
2304,train
2307,train
2308,train
2311,train
2312,train
2313,train
2315,train
2316,train
2317,train
2318,train
2319,train
2320,train
2322,train
2323,train
2324,train
2325,train
2327,train
2330,train
2331,train
2335,train
2336,train
2337,train
2338,train
2340,train
2341,train
2343,train
2344,train
2345,train
2348,train
2350,train
2351,train
2352,train
2353,train
2354,train
2355,train
2356,train
2357,train
2360,train
2361,train
2362,train
2363,train
2367,train
2369,train
2371,train
2372,train
2373,train
2374,train
2377,train
2378,train
2379,train
2380,train
2381,train
2382,train
2384,train
2385,train
2386,train
2390,train
2391,train
2392,train
2393,train
2395,train
2396,train
2397,train
2398,train
2400,train
2402,train
2403,train
2406,train
2407,train
2409,train
2410,train
2411,train
2415,train
2416,train
2418,train
2421,train
2422,train
2424,train
2425,train
2426,train
2428,train
2430,train
2431,train
2432,train
2433,train
2434,train
2435,train
2438,train
2439,train
2440,train
2441,train
2443,train
2444,train
2447,train
2448,train
2450,train
2452,train
2453,train
2454,train
2457,train
2458,train
2459,train
2460,train
2461,train
2462,train
2463,train
2467,train
2468,train
2469,train
2471,train
2474,train
2475,train
2478,train
2479,train
2482,train
2483,train
2485,train
2488,train
2490,train
2492,train
2494,train
2496,train
23,calibration
25,calibration
30,calibration
49,calibration
63,calibration
67,calibration
73,calibration
76,calibration
83,calibration
84,calibration
91,calibration
93,calibration
99,calibration
100,calibration
105,calibration
109,calibration
111,calibration
115,calibration
120,calibration
121,calibration
128,calibration
134,calibration
135,calibration
141,calibration
149,calibration
158,calibration
162,calibration
163,calibration
170,calibration
173,calibration
174,calibration
178,calibration
179,calibration
191,calibration
192,calibration
198,calibration
199,calibration
203,calibration
205,calibration
208,calibration
210,calibration
211,calibration
219,calibration
226,calibration
233,calibration
240,calibration
247,calibration
251,calibration
252,calibration
254,calibration
256,calibration
259,calibration
263,calibration
266,calibration
270,calibration
272,calibration
273,calibration
277,calibration
278,calibration
286,calibration
287,calibration
290,calibration
291,calibration
294,calibration
296,calibration
297,calibration
298,calibration
303,calibration
304,calibration
305,calibration
306,calibration
308,calibration
309,calibration
311,calibration
313,calibration
316,calibration
331,calibration
340,calibration
342,calibration
352,calibration
353,calibration
358,calibration
361,calibration
366,calibration
368,calibration
374,calibration
377,calibration
380,calibration
381,calibration
382,calibration
393,calibration
406,calibration
407,calibration
409,calibration
414,calibration
416,calibration
420,calibration
425,calibration
426,calibration
429,calibration
436,calibration
439,calibration
447,calibration
461,calibration
462,calibration
463,calibration
464,calibration
479,calibration
480,calibration
482,calibration
483,calibration
489,calibration
494,calibration
495,calibration
497,calibration
500,calibration
508,calibration
521,calibration
522,calibration
526,calibration
529,calibration
530,calibration
535,calibration
554,calibration
564,calibration
565,calibration
567,calibration
570,calibration
571,calibration
572,calibration
575,calibration
583,calibration
607,calibration
611,calibration
618,calibration
621,calibration
629,calibration
630,calibration
637,calibration
642,calibration
643,calibration
647,calibration
649,calibration
662,calibration
670,calibration
672,calibration
674,calibration
677,calibration
679,calibration
685,calibration
690,calibration
694,calibration
700,calibration
707,calibration
719,calibration
736,calibration
746,calibration
755,calibration
759,calibration
767,calibration
781,calibration
785,calibration
786,calibration
788,calibration
790,calibration
792,calibration
800,calibration
801,calibration
802,calibration
808,calibration
810,calibration
817,calibration
819,calibration
829,calibration
831,calibration
838,calibration
839,calibration
840,calibration
845,calibration
855,calibration
859,calibration
861,calibration
862,calibration
866,calibration
869,calibration
873,calibration
874,calibration
881,calibration
886,calibration
888,calibration
889,calibration
902,calibration
907,calibration
911,calibration
916,calibration
926,calibration
927,calibration
931,calibration
932,calibration
941,calibration
942,calibration
944,calibration
949,calibration
962,calibration
965,calibration
969,calibration
976,calibration
978,calibration
993,calibration
999,calibration
1011,calibration
1017,calibration
1018,calibration
1025,calibration
1027,calibration
1033,calibration
1034,calibration
1044,calibration
1056,calibration
1057,calibration
1061,calibration
1068,calibration
1073,calibration
1078,calibration
1085,calibration
1087,calibration
1091,calibration
1103,calibration
1106,calibration
1110,calibration
1113,calibration
1114,calibration
1116,calibration
1117,calibration
1123,calibration
1124,calibration
1127,calibration
1131,calibration
1134,calibration
1135,calibration
1137,calibration
1159,calibration
1161,calibration
1179,calibration
1185,calibration
1196,calibration
1199,calibration
1200,calibration
1207,calibration
1208,calibration
1210,calibration
1211,calibration
1216,calibration
1221,calibration
1223,calibration
1225,calibration
1231,calibration
1237,calibration
1242,calibration
1251,calibration
1259,calibration
1260,calibration
1261,calibration
1263,calibration
1264,calibration
1268,calibration
1272,calibration
1279,calibration
1286,calibration
1292,calibration
1293,calibration
1299,calibration
1307,calibration
1311,calibration
1322,calibration
1333,calibration
1334,calibration
1337,calibration
1349,calibration
1355,calibration
1357,calibration
1364,calibration
1366,calibration
1370,calibration
1377,calibration
1378,calibration
1385,calibration
1398,calibration
1403,calibration
1404,calibration
1405,calibration
1406,calibration
1412,calibration
1414,calibration
1420,calibration
1423,calibration
1430,calibration
1435,calibration
1452,calibration
1455,calibration
1463,calibration
1467,calibration
1494,calibration
1502,calibration
1503,calibration
1505,calibration
1509,calibration
1511,calibration
1512,calibration
1525,calibration
1533,calibration
1537,calibration
1545,calibration
1552,calibration
1558,calibration
1559,calibration
1563,calibration
1569,calibration
1575,calibration
1576,calibration
1582,calibration
1591,calibration
1598,calibration
1599,calibration
1600,calibration
1606,calibration
1608,calibration
1609,calibration
1614,calibration
1629,calibration
1637,calibration
1640,calibration
1647,calibration
1655,calibration
1657,calibration
1659,calibration
1675,calibration
1690,calibration
1691,calibration
1692,calibration
1711,calibration
1717,calibration
1718,calibration
1723,calibration
1726,calibration
1745,calibration
1750,calibration
1752,calibration
1760,calibration
1763,calibration
1765,calibration
1769,calibration
1783,calibration
1784,calibration
1788,calibration
1797,calibration
1804,calibration
1811,calibration
1815,calibration
1822,calibration
1834,calibration
1839,calibration
1847,calibration
1855,calibration
1860,calibration
1864,calibration
1867,calibration
1869,calibration
1872,calibration
1873,calibration
1876,calibration
1877,calibration
1878,calibration
1880,calibration
1883,calibration
1886,calibration
1888,calibration
1901,calibration
1904,calibration
1912,calibration
1913,calibration
1915,calibration
1918,calibration
1920,calibration
1924,calibration
1929,calibration
1932,calibration
1933,calibration
1935,calibration
1944,calibration
1952,calibration
1954,calibration
1956,calibration
1960,calibration
1964,calibration
1967,calibration
1977,calibration
1978,calibration
1984,calibration
1987,calibration
1992,calibration
1993,calibration
1994,calibration
2004,calibration
2007,calibration
2011,calibration
2016,calibration
2017,calibration
2020,calibration
2023,calibration
2025,calibration
2026,calibration
2036,calibration
2043,calibration
2044,calibration
2072,calibration
2081,calibration
2083,calibration
2099,calibration
2102,calibration
2103,calibration
2108,calibration
2113,calibration
2118,calibration
2120,calibration
2122,calibration
2124,calibration
2127,calibration
2149,calibration
2159,calibration
2162,calibration
2165,calibration
2168,calibration
2184,calibration
2187,calibration
2192,calibration
2196,calibration
2201,calibration
2204,calibration
2216,calibration
2217,calibration
2219,calibration
2225,calibration
2227,calibration
2228,calibration
2229,calibration
2240,calibration
2241,calibration
2243,calibration
2247,calibration
2249,calibration
2258,calibration
2259,calibration
2265,calibration
2268,calibration
2270,calibration
2274,calibration
2276,calibration
2280,calibration
2282,calibration
2290,calibration
2297,calibration
2299,calibration
2306,calibration
2326,calibration
2328,calibration
2333,calibration
2334,calibration
2339,calibration
2342,calibration
2346,calibration
2347,calibration
2349,calibration
2358,calibration
2364,calibration
2366,calibration
2370,calibration
2383,calibration
2388,calibration
2389,calibration
2394,calibration
2405,calibration
2408,calibration
2413,calibration
2414,calibration
2420,calibration
2423,calibration
2437,calibration
2442,calibration
2446,calibration
2449,calibration
2451,calibration
2455,calibration
2456,calibration
2465,calibration
2473,calibration
2484,calibration
2486,calibration
2493,calibration
2499,calibration
8,test
13,test
18,test
20,test
29,test
32,test
43,test
44,test
45,test
48,test
51,test
56,test
59,test
65,test
69,test
70,test
71,test
78,test
87,test
96,test
118,test
124,test
151,test
152,test
157,test
168,test
177,test
184,test
185,test
188,test
194,test
196,test
207,test
209,test
212,test
218,test
220,test
221,test
222,test
229,test
230,test
231,test
237,test
239,test
246,test
257,test
261,test
275,test
279,test
281,test
282,test
283,test
289,test
299,test
307,test
318,test
321,test
322,test
324,test
332,test
343,test
344,test
350,test
351,test
354,test
360,test
365,test
367,test
383,test
387,test
394,test
402,test
408,test
410,test
411,test
415,test
422,test
423,test
427,test
430,test
432,test
433,test
435,test
438,test
440,test
443,test
445,test
450,test
457,test
458,test
471,test
472,test
478,test
485,test
486,test
498,test
506,test
507,test
509,test
511,test
514,test
518,test
519,test
527,test
528,test
532,test
534,test
538,test
543,test
544,test
548,test
552,test
555,test
556,test
557,test
561,test
581,test
582,test
585,test
588,test
590,test
591,test
596,test
598,test
599,test
602,test
604,test
605,test
610,test
613,test
617,test
620,test
632,test
636,test
650,test
651,test
654,test
668,test
678,test
680,test
686,test
693,test
695,test
705,test
715,test
727,test
729,test
733,test
741,test
742,test
744,test
748,test
756,test
761,test
764,test
765,test
772,test
782,test
787,test
789,test
798,test
807,test
809,test
812,test
821,test
834,test
836,test
841,test
856,test
857,test
867,test
879,test
883,test
891,test
903,test
906,test
915,test
923,test
929,test
930,test
937,test
940,test
952,test
961,test
973,test
979,test
986,test
988,test
990,test
998,test
1000,test
1001,test
1004,test
1005,test
1014,test
1023,test
1029,test
1036,test
1037,test
1041,test
1047,test
1050,test
1053,test
1054,test
1055,test
1058,test
1064,test
1070,test
1071,test
1075,test
1080,test
1083,test
1084,test
1090,test
1094,test
1098,test
1099,test
1100,test
1102,test
1125,test
1133,test
1146,test
1163,test
1173,test
1175,test
1177,test
1187,test
1192,test
1194,test
1204,test
1213,test
1220,test
1226,test
1229,test
1234,test
1241,test
1247,test
1258,test
1266,test
1269,test
1270,test
1271,test
1273,test
1278,test
1281,test
1283,test
1288,test
1289,test
1290,test
1295,test
1301,test
1302,test
1303,test
1304,test
1309,test
1313,test
1321,test
1325,test
1330,test
1336,test
1340,test
1341,test
1351,test
1374,test
1376,test
1380,test
1382,test
1383,test
1389,test
1394,test
1395,test
1399,test
1407,test
1410,test
1411,test
1413,test
1427,test
1429,test
1437,test
1446,test
1447,test
1449,test
1450,test
1454,test
1456,test
1457,test
1459,test
1462,test
1465,test
1472,test
1476,test
1486,test
1488,test
1490,test
1501,test
1508,test
1510,test
1513,test
1514,test
1517,test
1518,test
1530,test
1532,test
1538,test
1539,test
1547,test
1550,test
1551,test
1553,test
1556,test
1557,test
1560,test
1564,test
1565,test
1566,test
1567,test
1583,test
1584,test
1587,test
1590,test
1602,test
1604,test
1607,test
1612,test
1615,test
1616,test
1623,test
1627,test
1628,test
1639,test
1642,test
1645,test
1656,test
1662,test
1667,test
1670,test
1672,test
1673,test
1674,test
1677,test
1681,test
1689,test
1694,test
1703,test
1706,test
1708,test
1710,test
1721,test
1724,test
1729,test
1730,test
1736,test
1737,test
1738,test
1744,test
1746,test
1749,test
1755,test
1762,test
1772,test
1775,test
1778,test
1779,test
1798,test
1808,test
1812,test
1831,test
1833,test
1835,test
1836,test
1837,test
1862,test
1870,test
1874,test
1879,test
1893,test
1900,test
1902,test
1905,test
1910,test
1914,test
1926,test
1928,test
1934,test
1936,test
1938,test
1943,test
1945,test
1949,test
1953,test
1961,test
1962,test
1968,test
1971,test
1972,test
1985,test
1988,test
1989,test
1990,test
1996,test
1997,test
2003,test
2008,test
2012,test
2018,test
2019,test
2028,test
2032,test
2034,test
2039,test
2045,test
2050,test
2051,test
2053,test
2054,test
2055,test
2060,test
2063,test
2064,test
2078,test
2086,test
2090,test
2093,test
2095,test
2096,test
2106,test
2114,test
2129,test
2130,test
2131,test
2132,test
2133,test
2137,test
2142,test
2144,test
2147,test
2153,test
2154,test
2158,test
2164,test
2173,test
2177,test
2178,test
2179,test
2180,test
2185,test
2189,test
2193,test
2212,test
2213,test
2232,test
2250,test
2256,test
2263,test
2271,test
2275,test
2277,test
2279,test
2285,test
2287,test
2289,test
2293,test
2295,test
2305,test
2309,test
2310,test
2314,test
2321,test
2329,test
2332,test
2359,test
2365,test
2368,test
2375,test
2376,test
2387,test
2399,test
2401,test
2404,test
2412,test
2417,test
2419,test
2427,test
2429,test
2436,test
2445,test
2464,test
2466,test
2470,test
2472,test
2476,test
2477,test
2480,test
2481,test
2487,test
2489,test
2491,test
2495,test
2497,test
2498,test
